X1,X2,X3,X4,X5,X6,X7,X8,Y1,Y2
514.5,100.0,110.25,294.0,North,7.0,0.0,No glazing,15.55,21.33
514.5,100.0,110.25,294.0,East,7.0,0.0,No glazing,,
514.5,100.0,110.25,294.0,South,7.0,0.0,No glazing,15.55,21.33
514.5,100.0,110.25,294.0,West,7.0,0.0,No glazing,15.55,21.33
563.5,0.9,122.5,318.5,North,7.0,0.0,No glazing,20.84,28.28
563.5,0.9,122.5,318.5,East,7.0,0.0,No glazing,21.46,25.38
563.5,0.9,122.5,318.5,South,7.0,0.0,No glazing,20.71,25.16
563.5,0.9,122.5,318.5,West,7.0,0.0,No glazing,19.68,29.6
588.0,0.86,147.0,294.0,North,7.0,0.0,No glazing,19.5,27.3
588.0,0.86,147.0,294.0,East,7.0,0.0,No glazing,19.95,21.97
588.0,0.86,147.0,294.0,South,7.0,0.0,No glazing,19.34,23.49
588.0,0.86,147.0,294.0,West,7.0,0.0,No glazing,,
612.5,0.82,147.0,318.5,North,7.0,0.0,No glazing,17.05,23.77
612.5,0.82,147.0,318.5,East,7.0,0.0,No glazing,17.41,21.46
612.5,0.82,147.0,318.5,South,7.0,0.0,No glazing,16.95,21.16
612.5,0.82,147.0,318.5,West,7.0,0.0,No glazing,15.98,24.93
637.0,0.79,147.0,343.0,North,7.0,0.0,No glazing,28.52,37.73
637.0,0.79,147.0,343.0, East,7.0,0.0,No glazing,29.9,31.27
637.0,0.79,147.0,343.0,South,7.0,0.0,No glazing,29.63,30.93
637.0,0.79,147.0,343.0,West,7.0,0.0,No glazing,28.75,39.44
661.5,0.76,122.5,416.5,North,7.0,0.0,No glazing,24.77,29.79
661.5,0.76,122.5,416.5,East,7.0,0.0,No glazing,23.93,29.68
661.5,0.76,122.5,416.5,South,7.0,0.0,No glazing,24.77,29.79
661.5,0.76,122.5,416.5,West,7.0,0.0,No glazing,23.93,29.4
686.0,0.74,220.5,245.0,North,3.5,0.0,No glazing,6.07,10.9
686.0,0.74,220.5,245.0,East,3.5,0.0,No glazing,6.05,11.19
686.0,0.74,220.5,245.0,South,3.5,0.0,No glazing,6.01,10.94
686.0,0.74,220.5,245.0,West,3.5,0.0,No glazing,6.04,11.17
710.5,0.71,220.5,269.5,North,3.5,0.0,No glazing,6.37,11.27
710.5,0.71,220.5,269.5,East,3.5,0.0,No glazing,6.4,11.72
710.5,0.71,220.5,269.5,South,3.5,0.0,No glazing,6.37,11.29
710.5,0.71,220.5,269.5,West,3.5,0.0,No glazing,6.4,11.67
735.0,0.69,220.5,294.0,North,3.5,0.0,No glazing,6.85,11.74
735.0,0.69,220.5,294.0,East,3.5,0.0,No glazing,6.79,12.05
735.0,0.69,220.5,294.0,South,3.5,0.0,No glazing,,
735.0,0.69,220.5,294.0,West,3.5,0.0,No glazing,6.81,11.93
759.5,0.66,220.5,318.5,North,3.5,0.0,No glazing,7.18,12.4
759.5,0.66,220.5,318.5,East,3.5,0.0,No glazing,7.1,12.23
759.5,0.66,220.5,318.5,South,3.5,0.0,No glazing,7.1,12.4
759.5,0.66,220.5,318.5,West,3.5,0.0,No glazing,7.1,12.14
784.0,0.64,220.5,343.0,North,3.5,0.0,No glazing,10.85,16.78
784.0,0.64,220.5,343.0,East,3.5,0.0,No glazing,10.54,16.8
784.0,0.64,220.5,343.0,South,3.5,0.0,No glazing,10.77,16.75
784.0,0.64,220.5,343.0,West,3.5,0.0,No glazing,10.56,16.67
808.5,0.62,220.5,367.5,North,3.5,0.0,No glazing,8.6,12.07
808.5,0.62,220.5,367.5,East,3.5,0.0,No glazing,8.49,12.22
808.5,0.62,220.5,367.5,South,3.5,0.0,No glazing,8.45,12.08
808.5,0.62,220.5,367.5,West,3.5,0.0,No glazing,8.5,12.04
514.5,100.0,110.25,294.0,North,7.0,0.1,Uniform,24.58,26.47
514.5,0.98,110.25,294.0,East,7.0,0.1,Uniform,24.63,26.37
514.5,0.98,110.25,294.0,South,7.0,0.1,Uniform,,
514.5,0.98,110.25,294.0,West,7.0,0.1,Uniform,24.59,26.29
563.5,0.9,122.5,318.5,North,7.0,0.1,Uniform,29.03,32.92
563.5,0.9,122.5,318.5,East,7.0,0.1,Uniform,29.87,29.87
563.5,0.9,122.5,318.5,South,7.0,0.1,Uniform,29.14,29.58
563.5,0.9,122.5,318.5,West,7.0,0.1,Uniform,28.09,34.33
588.0,0.86,147.0,294.0,North,7.0,0.1,Uniform,26.28,30.89
588.0,0.86,147.0,294.0,East,7.0,0.1,Uniform,26.91,25.6
588.0,0.86,147.0,294.0,South,7.0,0.1,Uniform,26.37,27.03
588.0,0.86,147.0,294.0,West,7.0,0.1,Uniform,25.27,31.73
612.5,0.82,147.0,318.5,North,7.0,0.1,Uniform,23.53,27.31
612.5,0.82,147.0,318.5,East,7.0,0.1,Uniform,24.03,24.91
612.5,0.82,147.0,318.5,South,7.0,0.1,Uniform,23.54,24.61
612.5,0.82,147.0,318.5,West,7.0,0.1,Uniform,22.58,28.51
637.0,0.79,147.0,343.0,North,7.0,0.1,Uniform,35.56,41.68
637.0,0.79,147.0,343.0,East,7.0,0.1,Uniform,37.12,35.28
637.0,0.79,147.0,343.0,South,7.0,0.1,Uniform,36.9,34.43
637.0,0.79,147.0,343.0,West,7.0,0.1,Uniform,35.94,43.33
661.5,0.76,122.5,416.5,North,7.0,0.1,Uniform,32.96,33.87
661.5,0.76,122.5,416.5,East,7.0,0.1,Uniform,,
661.5,0.76,122.5,416.5,South,7.0,0.1,Uniform,32.94,34.14
661.5,0.76,122.5,416.5,West,7.0,0.1,Uniform,32.21,33.67
686.0,0.74,220.5,245.0,North,3.5,0.1,Uniform,10.36,13.43
686.0,0.74,220.5,245.0,East,3.5,0.1,Uniform,10.43,13.71
686.0,0.74,220.5,245.0,South,3.5,0.1,Uniform,10.36,13.48
686.0,0.74,220.5,245.0,West,3.5,0.1,Uniform,10.39,13.7
710.5,0.71,220.5,269.5,North,3.5,0.1,Uniform,10.71,13.8
710.5,0.71,220.5,269.5,East,3.5,0.1,Uniform,10.8,14.28
710.5,0.71,220.5,269.5,South,3.5,0.1,Uniform,10.7,13.87
710.5,0.71,220.5,269.5,West,3.5,0.1,Uniform,10.75,14.27
735.0,0.69,220.5,294.0,North,3.5,0.1,Uniform,11.11,14.28
735.0,0.69,220.5,294.0,East,3.5,0.1,Uniform,11.13,14.61
735.0,0.69,220.5,294.0,South,3.5,0.1,Uniform,11.09,14.3
735.0,0.69,220.5,294.0,West,3.5,0.1,Uniform,11.16,14.45
759.5,0.66,220.5,318.5,North,3.5,0.1,Uniform,11.68,13.9
759.5,0.66,220.5,318.5,East,3.5,0.1,Uniform,11.69,13.72
759.5,0.66,220.5,318.5,South,3.5,0.1,Uniform,11.7,13.88
759.5,0.66,220.5,318.5,West,3.5,0.1,Uniform,11.69,13.65
784.0,0.64,220.5,343.0,North,3.5,0.1,Uniform,15.41,19.37
784.0,0.64,220.5,343.0,East,3.5,0.1,Uniform,15.2,19.43
784.0,0.64,220.5,343.0,South,3.5,0.1,Uniform,15.42,19.34
784.0,0.64,220.5,343.0,West,3.5,0.1,Uniform,15.21,19.32
808.5,0.62,220.5,367.5,North,3.5,0.1,Uniform,12.96,14.34
808.5,0.62,220.5,367.5,East,3.5,0.1,Uniform,12.97,14.5
808.5,0.62,220.5,367.5,South,3.5,0.1,Uniform,12.93,14.33
808.5,0.62,220.5,367.5,West,3.5,0.1,Uniform,13.02,14.27
514.5,0.98,110.25,294.0,North,7.0,0.1,North glazing,24.29,25.95
514.5,0.98,110.25,294.0,East,7.0,0.1,North glazing,24.31,25.63
514.5,0.98,110.25,294.0,South,7.0,0.1,North glazing,24.13,26.13
514.5,0.98,110.25,294.0,West,7.0,0.1,North glazing,24.25,25.89
563.5,0.9,122.5,318.5,North,7.0,0.1,North glazing,28.88,32.54
563.5,0.9,122.5,318.5,East,7.0,0.1,North glazing,29.68,29.44
563.5,0.9,122.5,318.5,South,7.0,0.1,North glazing,28.83,29.36
563.5,0.9,122.5,318.5,West,7.0,0.1,North glazing,27.9,34.2
588.0,0.86,147.0,294.0,North,7.0,0.1,North glazing,26.48,30.91
588.0,0.86,147.0,294.0,East,7.0,0.1,North glazing,27.02,25.63
588.0,0.86,147.0,294.0,South,7.0,0.1,North glazing,26.33,27.36
588.0,0.86,147.0,294.0,West,7.0,0.1,North glazing,25.36,31.9
612.5,0.82,147.0,318.5,North,7.0,0.1,North glazing,23.75,27.38
612.5,0.82,147.0,318.5,East,7.0,0.1,North glazing,24.23,25.02
612.5,0.82,147.0,318.5,South,7.0,0.1,North glazing,23.67,24.8
612.5,0.82,147.0,318.5,West,7.0,0.1,North glazing,22.79,28.79
637.0,0.79,147.0,343.0,North,7.0,0.1,North glazing,35.65,41.07
637.0,0.79,147.0,343.0,East,7.0,0.1,North glazing,37.26,34.62
637.0,0.79,147.0,343.0,South,7.0,0.1,North glazing,36.97,33.87
637.0,0.79,147.0,343.0,West,7.0,0.1,North glazing,36.03,42.86
661.5,0.76,122.5,416.5,North,7.0,0.1,North glazing,33.16,33.91
661.5,0.76,122.5,416.5,East,7.0,0.1,North glazing,32.4,34.07
661.5,0.76,122.5,416.5,South,7.0,0.1,North glazing,33.12,34.17
661.5,0.76,122.5,416.5,West,7.0,0.1,North glazing,32.41,33.78
686.0,0.74,220.5,245.0,North,3.5,0.1,North glazing,10.42,13.39
686.0,0.74,220.5,245.0,East,3.5,0.1,North glazing,10.46,13.72
686.0,0.74,220.5,245.0,South,3.5,0.1,North glazing,10.32,13.57
686.0,0.74,220.5,245.0,West,3.5,0.1,North glazing,10.45,13.79
710.5,0.71,220.5,269.5,North,3.5,0.1,North glazing,10.64,13.67
710.5,0.71,220.5,269.5,East,3.5,0.1,North glazing,10.72,14.11
710.5,0.71,220.5,269.5,South,3.5,0.1,North glazing,10.55,13.8
710.5,0.71,220.5,269.5,West,3.5,0.1,North glazing,10.68,14.21
735.0,0.69,220.5,294.0,North,3.5,0.1,North glazing,11.45,13.2
735.0,0.69,220.5,294.0,East,3.5,0.1,North glazing,11.46,13.54
735.0,0.69,220.5,294.0,South,3.5,0.1,North glazing,11.32,13.32
735.0,0.69,220.5,294.0,West,3.5,0.1,North glazing,11.49,13.51
759.5,0.66,220.5,318.5,North,3.5,0.1,North glazing,11.45,14.86
759.5,0.66,220.5,318.5,East,3.5,0.1,North glazing,11.42,14.75
759.5,0.66,220.5,318.5,South,3.5,0.1,North glazing,11.33,15.0
759.5,0.66,220.5,318.5,West,3.5,0.1,North glazing,11.43,14.74
784.0,0.64,220.5,343.0,North,3.5,0.1,North glazing,15.41,19.23
784.0,0.64,220.5,343.0,East,3.5,0.1,North glazing,15.18,19.34
784.0,0.64,220.5,343.0,South,3.5,0.1,North glazing,15.34,19.32
784.0,0.64,220.5,343.0,West,3.5,0.1,North glazing,,
808.5,0.62,220.5,367.5,North,3.5,0.1,North glazing,,
808.5,0.62,220.5,367.5,East,3.5,0.1,North glazing,13.0,14.57
808.5,0.62,220.5,367.5,South,3.5,0.1,North glazing,12.97,14.27
808.5,0.62,220.5,367.5,West,3.5,0.1,North glazing,13.04,14.24
514.5,0.98,110.25,294.0,North,7.0,0.1,East glazing,24.28,25.68
514.5,0.98,110.25,294.0,East,7.0,0.1,East glazing,24.4,26.02
514.5,0.98,110.25,294.0,South,7.0,0.1,East glazing,24.11,25.84
514.5,0.98,110.25,294.0,West,7.0,0.1,East glazing,24.35,26.14
563.5,0.9,122.5,318.5,North,7.0,0.1,East glazing,28.07,34.14
563.5,0.9,122.5,318.5,East,7.0,0.1,East glazing,29.01,32.85
563.5,0.9,122.5,318.5,South,7.0,0.1,East glazing,29.62,30.08
563.5,0.9,122.5,318.5,west,7.0,0.1,East glazing,29.05,29.67
588.0,0.86,147.0,294.0,North,7.0,0.1,East glazing,25.41,31.73
588.0,0.86,147.0,294.0,East,7.0,0.1,East glazing,26.47,31.01
588.0,0.86,147.0,294.0,South,7.0,0.1,East glazing,,
588.0,0.86,147.0,294.0,West,7.0,0.1,East glazing,26.46,27.4
612.5,0.82,147.0,318.5,North,7.0,0.1,East glazing,22.93,28.68
612.5,0.82,147.0,318.5,East,7.0,0.1,East glazing,23.84,27.54
612.5,0.82,147.0,318.5,South,7.0,0.1,East glazing,24.17,25.35
612.5,0.82,147.0,318.5,West,7.0,0.1,East glazing,23.87,24.93
637.0,0.79,147.0,343.0,North,7.0,0.1,East glazing,35.78,43.12
637.0,0.79,147.0,343.0,East,7.0,0.1,East glazing,35.48,41.22
637.0,0.79,147.0,343.0,South,7.0,0.1,East glazing,36.97,35.1
637.0,0.79,147.0,343.0,West,7.0,0.1,East glazing,36.7,34.29
661.5,0.76,122.5,416.5,North,7.0,0.1,East glazing,32.52,33.85
661.5,0.76,122.5,416.5,East,7.0,0.1,East glazing,33.28,34.11
661.5,0.76,122.5,416.5,South,7.0,0.1,East glazing,32.33,34.48
661.5,0.76,122.5,416.5,West,7.0,0.1,East glazing,33.24,34.5
686.0,0.74,220.5,245.0,North,3.5,0.1,East glazing,10.39,13.6
686.0,0.74,220.5,245.0,East,3.5,0.1,East glazing,10.34,13.36
686.0,0.74,220.5,245.0,South,3.5,0.1,East glazing,10.35,13.65
686.0,0.74,220.5,245.0,West,3.5,0.1,East glazing,10.38,13.49
710.5,0.71,220.5,269.5,North,3.5,0.1,East glazing,10.77,14.14
710.5,0.71,220.5,269.5,East,3.5,0.1,East glazing,10.68,13.77
710.5,0.71,220.5,269.5,South,3.5,0.1,East glazing,10.68,14.3
710.5,0.71,220.5,269.5,West,3.5,0.1,East glazing,10.7,13.87
735.0,0.69,220.5,294.0,North,3.5,0.1,East glazing,11.22,14.44
735.0,0.69,220.5,294.0,East,3.5,0.1,East glazing,11.16,14.27
735.0,0.69,220.5,294.0,South,3.5,0.1,East glazing,11.1,14.67
735.0,0.69,220.5,294.0,West,3.5,0.1,East glazing,11.14,14.4
759.5,0.66,220.5,318.5,North,3.5,0.1,East glazing,11.59,13.46
759.5,0.66,220.5,318.5,East,3.5,0.1,East glazing,11.6,13.7
759.5,0.66,220.5,318.5,South,3.5,0.1,East glazing,11.53,13.59
759.5,0.66,220.5,318.5,West,3.5,0.1,East glazing,11.61,13.83
784.0,0.64,220.5,343.0,North,3.5,0.1,East glazing,15.16,19.14
784.0,0.64,220.5,343.0,East,3.5,0.1,East glazing,15.36,19.18
784.0,0.64,220.5,343.0,South,3.5,0.1,East glazing,15.12,19.37
784.0,0.64,220.5,343.0,West,3.5,0.1,East glazing,15.36,19.29
808.5,0.62,220.5,367.5,North,3.5,0.1,East glazing,12.68,14.09
808.5,0.62,220.5,367.5,East,3.5,0.1,East glazing,12.63,14.23
808.5,0.62,220.5,367.5,South,3.5,0.1,East glazing,12.71,14.14
808.5,0.62,220.5,367.5,West,3.5,0.1,East glazing,12.73,13.89
514.5,0.98,110.25,294.0,North,7.0,0.1,South glazing,24.38,25.91
514.5,0.98,110.25,294.0,East,7.0,0.1,South glazing,24.23,25.72
514.5,0.98,110.25,294.0,South,7.0,0.1,South glazing,24.04,26.18
514.5,0.98,110.25,294.0,West,7.0,0.1,South glazing,24.32,25.87
563.5,0.9,122.5,318.5,North,7.0,0.1,South glazing,29.06,29.34
563.5,0.9,122.5,318.5,East,7.0,0.1,South glazing,28.05,33.91
563.5,0.9,122.5,318.5,south,7.0,0.1,South glazing,28.86,32.83
563.5,0.9,122.5,318.5,West,7.0,0.1,South glazing,29.79,29.92
588.0,0.86,147.0,294.0,North,7.0,0.1,South glazing,26.44,27.17
588.0,0.86,147.0,294.0,East,7.0,0.1,South glazing,25.37,31.76
588.0,0.86,147.0,294.0,South,7.0,0.1,South glazing,26.33,31.06
588.0,0.86,147.0,294.0,West,7.0,0.1,South glazing,27.03,25.81
612.5,0.82,147.0,318.5,North,7.0,0.1,South glazing,23.8,24.61
612.5,0.82,147.0,318.5,East,7.0,0.1,South glazing,22.8,28.61
612.5,0.82,147.0,318.5,South,7.0,0.1,South glazing,23.59,27.57
612.5,0.82,147.0,318.5,West,7.0,0.1,South glazing,24.24,25.16
637.0,0.79,147.0,343.0, North,7.0,0.1,South glazing,36.86,34.25
637.0,0.79,147.0,343.0,East,7.0,0.1,South glazing,35.89,43.3
637.0,0.79,147.0,343.0,South,7.0,0.1,South glazing,35.45,41.86
637.0,0.79,147.0,343.0,West,7.0,0.1,South glazing,37.1,35.29
661.5,0.76,122.5,416.5,North,7.0,0.1,South glazing,33.08,34.11
661.5,0.76,122.5,416.5,East,7.0,0.1,South glazing,32.38,33.62
661.5,0.76,122.5,416.5,South,7.0,0.1,South glazing,33.09,33.89
661.5,0.76,122.5,416.5,West,7.0,0.1,South glazing,32.31,34.05
686.0,0.74,220.5,245.0,North,3.5,0.1,South glazing,10.08,13.2
686.0,0.74,220.5,245.0,East,3.5,0.1,South glazing,10.15,13.36
686.0,0.74,220.5,245.0,South,3.5,0.1,South glazing,10.07,13.21
686.0,0.74,220.5,245.0,West,3.5,0.1,South glazing,10.14,13.53
710.5,0.71,220.5,269.5,North,3.5,0.1,South glazing,10.66,13.67
710.5,0.71,220.5,269.5,East,3.5,0.1,South glazing,10.68,14.12
710.5,0.71,220.5,269.5,South,3.5,0.1,South glazing,10.53,13.79
710.5,0.71,220.5,269.5,West,3.5,0.1,South glazing,10.72,14.2
735.0,0.69,220.5,294.0,North,3.5,0.1,South glazing,11.18,14.29
735.0,0.69,220.5,294.0,East,3.5,0.1,South glazing,11.22,14.49
735.0,0.69,220.5,294.0,South,3.5,0.1,South glazing,,
735.0,0.69,220.5,294.0,West,3.5,0.1,South glazing,11.2,14.73
759.5,0.66,220.5,318.5,North,3.5,0.1,South glazing,11.44,14.86
759.5,0.66,220.5,318.5,East,3.5,0.1,South glazing,11.42,14.67
759.5,0.66,220.5,318.5,South,3.5,0.1,South glazing,11.33,15.0
759.5,0.66,220.5,318.5,West,3.5,0.1,South glazing,11.43,14.83
784.0,0.64,220.5,343.0,North,3.5,0.1,South glazing,15.4,19.24
784.0,0.64,220.5,343.0,East,3.5,0.1,South glazing,15.19,19.25
784.0,0.64,220.5,343.0,South,3.5,0.1,South glazing,15.32,19.42
784.0,0.64,220.5,343.0,West,3.5,0.1,South glazing,15.16,19.48
808.5,0.62,220.5,367.5,North,3.5,0.1,South glazing,12.85,14.37
808.5,0.62,220.5,367.5,East,3.5,0.1,South glazing,13.04,14.34
808.5,0.62,220.5,367.5,South,3.5,0.1,South glazing,13.0,14.28
808.5,0.62,220.5,367.5,West,3.5,0.1,South glazing,13.0,14.47
514.5,0.98,110.25,294.0,North,7.0,0.1,West glazing,24.35,25.64
514.5,0.98,110.25,294.0,East,7.0,0.1,West glazing,,
514.5,0.98,110.25,294.0,South,7.0,0.1,West glazing,24.03,25.88
514.5,0.98,110.25,294.0,West,7.0,0.1,West glazing,24.26,26.18
563.5,0.9,122.5,318.5,North,7.0,0.1,West glazing,29.83,29.82
563.5,0.9,122.5,318.5,East,7.0,0.1,West glazing,29.08,29.52
563.5,0.9,122.5,318.5,South,7.0,0.1,West glazing,28.03,34.45
563.5,0.9,122.5,318.5,West,7.0,0.1,West glazing,,
588.0,0.86,147.0,294.0,North,7.0,0.1,West glazing,,
588.0,0.86,147.0,294.0,East,7.0,0.1,West glazing,26.45,27.33
588.0,0.86,147.0,294.0,South,7.0,0.1,West glazing,25.36,32.04
588.0,0.86,147.0,294.0,West,7.0,0.1,West glazing,26.45,31.28
612.5,0.82,147.0,318.5,North,7.0,0.1,West glazing,24.37,25.11
612.5,0.82,147.0,318.5,East,7.0,0.1,West glazing,23.89,24.77
612.5,0.82,147.0,318.5,South,7.0,0.1,West glazing,22.89,28.88
612.5,0.82,147.0,318.5,West,7.0,0.1,West glazing,23.86,27.69
637.0,0.79,147.0,343.0,North,7.0,0.1,West glazing,37.03,34.99
637.0,0.79,147.0,343.0, East,7.0,0.1,West glazing,36.71,34.18
637.0,0.79,147.0,343.0,South,7.0,0.1,West glazing,36.77,43.14
637.0,0.79,147.0,343.0,West,7.0,0.1,West glazing,35.48,41.26
661.5,0.76,122.5,416.5,North,7.0,0.1,West glazing,32.31,34.25
661.5,0.76,122.5,416.5,East,7.0,0.1,West glazing,,
661.5,0.76,122.5,416.5,South,7.0,0.1,West glazing,32.46,33.64
661.5,0.76,122.5,416.5,West,7.0,0.1,West glazing,33.27,33.88
686.0,0.74,220.5,245.0,North,3.5,0.1,West glazing,10.47,13.65
686.0,0.74,220.5,245.0,East,3.5,0.1,West glazing,10.37,13.44
686.0,0.74,220.5,245.0,South,3.5,0.1,West glazing,10.34,13.72
686.0,0.74,220.5,245.0,West,3.5,0.1,West glazing,10.39,13.5
710.5,0.71,220.5,269.5,North,3.5,0.1,West glazing,10.78,14.18
710.5,0.71,220.5,269.5,East,3.5,0.1,West glazing,10.7,13.75
710.5,0.71,220.5,269.5,South,3.5,0.1,West glazing,10.67,14.26
710.5,0.71,220.5,269.5,West,3.5,0.1,West glazing,13.69,13.89
735.0,0.69,220.5,294.0,North,3.5,0.1,West glazing,11.21,14.55
735.0,0.69,220.5,294.0,East,3.5,0.1,West glazing,11.14,14.28
735.0,0.69,220.5,294.0,South,3.5,0.1,West glazing,11.11,14.46
735.0,0.69,220.5,294.0,West,3.5,0.1,West glazing,11.16,14.39
759.5,0.66,220.5,318.5,North,3.5,0.1,West glazing,11.38,14.54
759.5,0.66,220.5,318.5,East,3.5,0.1,West glazing,11.34,14.81
759.5,0.66,220.5,318.5,South,3.5,0.1,West glazing,11.22,14.65
759.5,0.66,220.5,318.5,West,3.5,0.1,West glazing,11.34,14.87
784.0,0.64,220.5,343.0,North,3.5,0.1,West glazing,15.16,19.24
784.0,0.64,220.5,343.0,East,3.5,0.1,West glazing,15.37,19.18
784.0,0.64,220.5,343.0,South,3.5,0.1,West glazing,15.12,19.26
784.0,0.64,220.5,343.0,West,3.5,0.1,West glazing,15.36,19.29
808.5,0.62,220.5,367.5,North,3.5,0.1,West glazing,12.59,14.24
808.5,0.62,220.5,367.5,East,3.5,0.1,West glazing,12.74,13.97
808.5,0.62,220.5,367.5,South,3.5,0.1,West glazing,12.8,13.99
808.5,0.62,220.5,367.5,west,3.5,0.1,West glazing,12.62,14.15
514.5,0.98,110.25,294.0,North,7.0,0.25,Uniform,28.15,29.79
514.5,0.98,110.25,294.0,East,7.0,0.25,Uniform,28.15,29.79
514.5,0.98,110.25,294.0,South,7.0,0.25,Uniform,28.37,29.28
514.5,0.98,110.25,294.0,West,7.0,0.25,Uniform,28.41,29.49
563.5,0.9,122.5,318.5,North,7.0,0.25,Uniform,32.68,36.12
563.5,0.9,122.5,318.5,East,7.0,0.25,Uniform,33.48,33.17
563.5,0.9,122.5,318.5,South,7.0,0.25,Uniform,32.84,32.71
563.5,0.9,122.5,318.5,West,7.0,0.25,Uniform,32.0,37.58
588.0,0.86,147.0,294.0,North,7.0,0.25,Uniform,29.54,33.98
588.0,0.86,147.0,294.0,East,7.0,0.25,Uniform,30.05,28.61
588.0,0.86,147.0,294.0,South,7.0,0.25,Uniform,29.6,30.12
588.0,0.86,147.0,294.0,West,7.0,0.25,Uniform,28.66,34.73
612.5,0.82,147.0,318.5,North,7.0,0.25,Uniform,26.84,30.17
612.5,0.82,147.0,318.5,East,7.0,0.25,Uniform,27.27,27.84
612.5,0.82,147.0,318.5,South,7.0,0.25,Uniform,26.97,27.25
612.5,0.82,147.0,318.5,West,7.0,0.25,Uniform,26.19,31.39
637.0,0.79,147.0,343.0,North,7.0,0.25,Uniform,38.67,43.8
637.0,0.79,147.0,343.0,East,7.0,0.25,Uniform,,
637.0,0.79,147.0,343.0,South,7.0,0.25,Uniform,39.86,36.85
637.0,0.79,147.0,343.0,West,7.0,0.25,Uniform,39.04,45.52
661.5,0.76,122.5,416.5,North,7.0,0.25,Uniform,36.96,36.85
661.5,0.76,122.5,416.5,East,7.0,0.25,Uniform,36.13,37.58
661.5,0.76,122.5,416.5,South,7.0,0.25,Uniform,36.91,37.45
661.5,0.76,122.5,416.5,West,7.0,0.25,Uniform,36.43,36.62
686.0,0.74,220.5,245.0,North,3.5,0.25,Uniform,12.43,15.19
686.0,0.74,220.5,245.0,East,3.5,0.25,Uniform,,
686.0,0.74,220.5,245.0,South,3.5,0.25,Uniform,12.41,15.28
686.0,0.74,220.5,245.0,West,3.5,0.25,Uniform,12.45,15.5
710.5,0.71,220.5,269.5,North,3.5,0.25,Uniform,12.57,15.42
710.5,0.71,220.5,269.5,East,3.5,0.25,Uniform,12.65,15.85
710.5,0.71,220.5,269.5,South,3.5,0.25,Uniform,12.57,15.44
710.5,0.71,220.5,269.5,West,3.5,0.25,Uniform,12.63,15.81
735.0,0.69,220.5,294.0,North,3.5,0.25,Uniform,12.78,15.21
735.0,0.69,220.5,294.0,East,3.5,0.25,Uniform,12.93,15.63
735.0,0.69,220.5,294.0,South,3.5,0.25,Uniform,12.73,15.48
735.0,0.69,220.5,294.0,West,3.5,0.25,Uniform,12.72,15.78
759.5,0.66,220.5,318.5,North,3.5,0.25,Uniform,,
759.5,0.66,220.5,318.5,East,3.5,0.25,Uniform,13.18,16.27
759.5,0.66,220.5,318.5,South,3.5,0.25,Uniform,13.17,16.39
759.5,0.66,220.5,318.5,West,3.5,0.25,Uniform,13.18,16.19
784.0,0.64,220.5,343.0,North,3.5,0.25,Uniform,17.5,21.13
784.0,0.64,220.5,343.0,East,3.5,0.25,Uniform,17.35,21.19
784.0,0.64,220.5,343.0,South,3.5,0.25,Uniform,17.52,21.09
784.0,0.64,220.5,343.0,West,3.5,0.25,Uniform,17.37,21.08
808.5,0.62,220.5,367.5,North,3.5,0.25,Uniform,15.09,15.77
808.5,0.62,220.5,367.5,East,3.5,0.25,Uniform,15.12,15.95
808.5,0.62,220.5,367.5,South,3.5,0.25,Uniform,15.08,15.77
808.5,0.62,220.5,367.5,West,3.5,0.25,Uniform,15.16,15.76
514.5,0.98,110.25,294.0,North,7.0,0.25,North glazing,28.67,29.62
514.5,0.98,110.25,294.0,East,7.0,0.25,North glazing,28.57,29.69
514.5,0.98,110.25,294.0,South,7.0,0.25,North glazing,28.18,30.18
514.5,0.98,110.25,294.0,West,7.0,0.25,North glazing,28.6,30.02
563.5,0.9,122.5,318.5,North,7.0,0.25,North glazing,32.46,35.56
563.5,0.9,122.5,318.5,East,7.0,0.25,North glazing,33.27,32.64
563.5,0.9,122.5,318.5,South,7.0,0.25,North glazing,32.33,32.77
563.5,0.9,122.5,318.5,West,7.0,0.25,North glazing,31.66,37.72
588.0,0.86,147.0,294.0,North,7.0,0.25,North glazing,29.34,33.37
588.0,0.86,147.0,294.0,East,7.0,0.25,North glazing,29.87,27.89
588.0,0.86,147.0,294.0,South,7.0,0.25,North glazing,29.27,29.9
588.0,0.86,147.0,294.0,West,7.0,0.25,North glazing,28.4,34.52
612.5,0.82,147.0,318.5,North,7.0,0.25,North glazing,25.74,28.27
612.5,0.82,147.0,318.5,East,7.0,0.25,North glazing,25.98,26.96
612.5,0.82,147.0,318.5,South,7.0,0.25,North glazing,25.38,26.72
612.5,0.82,147.0,318.5,west,7.0,0.25,North glazing,24.94,29.88
637.0,0.79,147.0,343.0,North,7.0,0.25,North glazing,38.57,43.86
637.0,0.79,147.0,343.0,East,7.0,0.25,North glazing,40.19,37.41
637.0,0.79,147.0,343.0,South,7.0,0.25,North glazing,39.97,36.77
637.0,0.79,147.0,343.0,West,7.0,0.25,North glazing,38.98,45.97
661.5,0.76,122.5,416.5,North,7.0,0.25,North glazing,36.95,36.87
661.5,0.76,122.5,416.5,East,7.0,0.25,North glazing,36.28,37.35
661.5,0.76,122.5,416.5,South,7.0,0.25,North glazing,36.86,37.28
661.5,0.76,122.5,416.5,West,7.0,0.25,North glazing,36.45,36.81
686.0,0.74,220.5,245.0,North,3.5,0.25,North glazing,12.35,14.73
686.0,0.74,220.5,245.0,East,3.5,0.25,North glazing,12.45,15.1
686.0,0.74,220.5,245.0,South,3.5,0.25,North glazing,12.16,15.18
686.0,0.74,220.5,245.0,West,3.5,0.25,North glazing,12.3,15.44
710.5,0.71,220.5,269.5,North,3.5,0.25,North glazing,12.33,14.91
710.5,0.71,220.5,269.5,East,3.5,0.25,North glazing,12.29,15.4
710.5,0.71,220.5,269.5,South,3.5,0.25,North glazing,,
710.5,0.71,220.5,269.5,West,3.5,0.25,North glazing,12.49,15.32
735.0,0.69,220.5,294.0,North,3.5,0.25,North glazing,12.85,15.52
735.0,0.69,220.5,294.0,East,3.5,0.25,North glazing,12.87,15.85
735.0,0.69,220.5,294.0,South,3.5,0.25,North glazing,12.73,15.66
735.0,0.69,220.5,294.0,West,3.5,0.25,North glazing,12.95,15.99
759.5,0.66,220.5,318.5,North,3.5,0.25,North glazing,13.05,15.89
759.5,0.66,220.5,318.5,East,3.5,0.25,North glazing,12.93,15.85
759.5,0.66,220.5,318.5,South,3.5,0.25,North glazing,12.77,16.22
759.5,0.66,220.5,318.5,West,3.5,0.25,North glazing,13.0,15.87
784.0,0.64,220.5,343.0,North,3.5,0.25,North glazing,17.14,20.47
784.0,0.64,220.5,343.0,East,3.5,0.25,North glazing,16.84,20.56
784.0,0.64,220.5,343.0,South,3.5,0.25,North glazing,17.02,20.48
784.0,0.64,220.5,343.0,West,3.5,0.25,North glazing,17.11,20.43
808.5,0.62,220.5,367.5,North,3.5,0.25,North glazing,14.34,15.32
808.5,0.62,220.5,367.5,East,3.5,0.25,North glazing,14.66,15.64
808.5,0.62,220.5,367.5,South,3.5,0.25,North glazing,14.6,15.14
808.5,0.62,220.5,367.5,West,3.5,0.25,North glazing,14.6,15.3
514.5,0.98,110.25,294.0,North,7.0,0.25,East glazing,28.67,29.43
514.5,0.98,110.25,294.0,East,7.0,0.25,East glazing,28.56,29.78
514.5,0.98,110.25,294.0,South,7.0,0.25,East glazing,28.17,30.1
514.5,0.98,110.25,294.0,West,7.0,0.25,East glazing,28.63,30.19
563.5,0.9,122.5,318.5,North,7.0,0.25,East glazing,31.63,36.35
563.5,0.9,122.5,318.5,East,7.0,0.25,East glazing,32.4,35.1
563.5,0.9,122.5,318.5,South,7.0,0.25,East glazing,,
563.5,0.9,122.5,318.5,West,7.0,0.25,East glazing,32.29,32.46
588.0,0.86,147.0,294.0,North,7.0,0.25,East glazing,28.4,33.52
588.0,0.86,147.0,294.0,East,7.0,0.25,East glazing,29.4,32.93
588.0,0.86,147.0,294.0,South,7.0,0.25,East glazing,29.43,28.38
588.0,0.86,147.0,294.0,West,7.0,0.25,East glazing,29.07,29.82
612.5,0.82,147.0,318.5,North,7.0,0.25,East glazing,24.7,28.77
612.5,0.82,147.0,318.5,East,7.0,0.25,East glazing,25.48,27.76
612.5,0.82,147.0,318.5,South,7.0,0.25,East glazing,25.37,26.95
612.5,0.82,147.0,318.5,West,7.0,0.25,East glazing,25.17,26.41
637.0,0.79,147.0,343.0, North,7.0,0.25,East glazing,39.04,45.13
637.0,0.79,147.0,343.0,East,7.0,0.25,East glazing,38.35,43.66
637.0,0.79,147.0,343.0,South,7.0,0.25,East glazing,39.81,37.76
637.0,0.79,147.0,343.0,West,7.0,0.25,East glazing,39.83,36.87
661.5,0.76,122.5,416.5,North,7.0,0.25,East glazing,35.99,36.07
661.5,0.76,122.5,416.5,East,7.0,0.25,East glazing,36.59,36.44
661.5,0.76,122.5,416.5,South,7.0,0.25,East glazing,35.64,37.28
661.5,0.76,122.5,416.5,West,7.0,0.25,East glazing,36.52,37.29
686.0,0.74,220.5,245.0,North,3.5,0.25,East glazing,11.8,14.49
686.0,0.74,220.5,245.0,East,3.5,0.25,East glazing,12.03,13.79
686.0,0.74,220.5,245.0,South,3.5,0.25,East glazing,11.98,14.72
686.0,0.74,220.5,245.0,West,3.5,0.25,East glazing,,
710.5,0.71,220.5,269.5,North,3.5,0.25,East glazing,,
710.5,0.71,220.5,269.5,East,3.5,0.25,East glazing,12.28,14.74
710.5,0.71,220.5,269.5,South,3.5,0.25,East glazing,12.1,15.57
710.5,0.71,220.5,269.5,West,3.5,0.25,East glazing,12.19,14.94
735.0,0.69,220.5,294.0,North,3.5,0.25,East glazing,12.34,14.92
735.0,0.69,220.5,294.0, East,3.5,0.25,East glazing,12.46,14.38
735.0,0.69,220.5,294.0,south,3.5,0.25,East glazing,12.31,15.44
735.0,0.69,220.5,294.0,West,3.5,0.25,East glazing,12.12,15.17
759.5,0.66,220.5,318.5, North,3.5,0.25,East glazing,12.97,15.53
759.5,0.66,220.5,318.5,East,3.5,0.25,East glazing,13.01,15.8
759.5,0.66,220.5,318.5,South,3.5,0.25,East glazing,12.74,16.14
759.5,0.66,220.5,318.5,West,3.5,0.25,East glazing,12.84,16.26
784.0,0.64,220.5,343.0,North,3.5,0.25,East glazing,16.83,19.87
784.0,0.64,220.5,343.0,East,3.5,0.25,East glazing,16.93,20.03
784.0,0.64,220.5,343.0,South,3.5,0.25,East glazing,16.66,20.46
784.0,0.64,220.5,343.0,West,3.5,0.25,East glazing,16.86,20.28
808.5,0.62,220.5,367.5,North,3.5,0.25,East glazing,13.91,14.89
808.5,0.62,220.5,367.5,East,3.5,0.25,East glazing,14.34,14.96
808.5,0.62,220.5,367.5,South,3.5,0.25,East glazing,13.95,14.89
808.5,0.62,220.5,367.5,West,3.5,0.25,East glazing,13.99,14.35
514.5,0.98,110.25,294.0,North,7.0,0.25,South glazing,28.7,29.61
514.5,0.98,110.25,294.0,East,7.0,0.25,South glazing,28.55,29.59
514.5,0.98,110.25,294.0,South,7.0,0.25,South glazing,28.15,30.19
514.5,0.98,110.25,294.0,West,7.0,0.25,South glazing,28.62,30.12
563.5,0.9,122.5,318.5,North,7.0,0.25,South glazing,32.67,32.12
563.5,0.9,122.5,318.5,East,7.0,0.25,South glazing,31.69,37.12
563.5,0.9,122.5,318.5,South,7.0,0.25,South glazing,32.07,36.16
563.5,0.9,122.5,318.5,West,7.0,0.25,South glazing,33.28,33.16
588.0,0.86,147.0,294.0,North,7.0,0.25,South glazing,29.47,29.45
588.0,0.86,147.0,294.0,East,7.0,0.25,South glazing,,
588.0,0.86,147.0,294.0,South,7.0,0.25,South glazing,29.08,33.93
588.0,0.86,147.0,294.0,West,7.0,0.25,South glazing,29.88,28.31
612.5,0.82,147.0,318.5,North,7.0,0.25,South glazing,25.66,26.3
612.5,0.82,147.0,318.5,East,7.0,0.25,South glazing,24.96,29.43
612.5,0.82,147.0,318.5,South,7.0,0.25,South glazing,,
612.5,0.82,147.0,318.5,West,7.0,0.25,South glazing,26.0,27.34
637.0,0.79,147.0,343.0,North,7.0,0.25,South glazing,40.0,36.26
637.0,0.79,147.0,343.0,East,7.0,0.25,South glazing,38.84,45.48
637.0,0.79,147.0,343.0,South,7.0,0.25,South glazing,38.33,44.16
637.0,0.79,147.0,343.0,West,7.0,0.25,South glazing,40.12,37.26
661.5,0.76,122.5,416.5,North,7.0,0.25,South glazing,36.95,37.2
661.5,0.76,122.5,416.5,East,7.0,0.25,South glazing,36.45,36.76
661.5,0.76,122.5,416.5,South,7.0,0.25,South glazing,36.81,37.05
661.5,0.76,122.5,416.5,West,7.0,0.25,South glazing,36.26,37.51
686.0,0.74,220.5,245.0,North,3.5,0.25,South glazing,12.32,14.92
686.0,0.74,220.5,245.0,East,3.5,0.25,South glazing,12.3,15.24
686.0,0.74,220.5,245.0,South,3.5,0.25,South glazing,12.18,15.03
686.0,0.74,220.5,245.0,West,3.5,0.25,South glazing,12.43,15.35
710.5,0.71,220.5,269.5,North,3.5,0.25,South glazing,12.36,14.67
710.5,0.71,220.5,269.5,East,3.5,0.25,South glazing,12.49,15.09
710.5,0.71,220.5,269.5,South,3.5,0.25,South glazing,12.17,15.2
710.5,0.71,220.5,269.5,West,3.5,0.25,South glazing,12.28,15.64
735.0,0.69,220.5,294.0,North,3.5,0.25,South glazing,,
735.0,0.69,220.5,294.0,East,3.5,0.25,South glazing,12.95,15.73
735.0,0.69,220.5,294.0,South,3.5,0.25,South glazing,12.67,15.83
735.0,0.69,220.5,294.0,West,3.5,0.25,South glazing,12.86,16.13
759.5,0.66,220.5,318.5,North,3.5,0.25,South glazing,12.95,15.95
759.5,0.66,220.5,318.5,East,3.5,0.25,South glazing,,
759.5,0.66,220.5,318.5,South,3.5,0.25,South glazing,12.86,16.17
759.5,0.66,220.5,318.5,West,3.5,0.25,South glazing,,
784.0,0.64,220.5,343.0,North,3.5,0.25,South glazing,16.99,19.65
784.0,0.64,220.5,343.0,East,3.5,0.25,South glazing,16.69,19.76
784.0,0.64,220.5,343.0,South,3.5,0.25,South glazing,16.56,20.37
784.0,0.64,220.5,343.0,West,3.5,0.25,South glazing,,
808.5,0.62,220.5,367.5,North,3.5,0.25,South glazing,14.33,15.41
808.5,0.62,220.5,367.5,East,3.5,0.25,South glazing,14.61,15.56
808.5,0.62,220.5,367.5,South,3.5,0.25,South glazing,,
808.5,0.62,220.5,367.5,West,3.5,0.25,South glazing,14.65,15.38
514.5,0.98,110.25,294.0,North,7.0,0.25,West glazing,28.69,29.53
514.5,0.98,110.25,294.0,East,7.0,0.25,West glazing,28.58,29.77
514.5,0.98,110.25,294.0,South,7.0,0.25,West glazing,28.15,30.0
514.5,0.98,110.25,294.0,West,7.0,0.25,West glazing,28.61,30.2
563.5,0.9,122.5,318.5,North,7.0,0.25,West glazing,33.13,32.25
563.5,0.9,122.5,318.5,East,7.0,0.25,West glazing,32.31,32.0
563.5,0.9,122.5,318.5,South,7.0,0.25,West glazing,31.53,37.19
563.5,0.9,122.5,318.5,West,7.0,0.25,West glazing,32.46,35.62
588.0,0.86,147.0,294.0,North,7.0,0.25,West glazing,,
588.0,0.86,147.0,294.0,East,7.0,0.25,West glazing,29.09,29.43
588.0,0.86,147.0,294.0,South,7.0,0.25,West glazing,28.31,34.15
588.0,0.86,147.0,294.0,West,7.0,0.25,West glazing,29.39,33.47
612.5,0.82,147.0,318.5,North,7.0,0.25,West glazing,25.7,26.53
612.5,0.82,147.0,318.5,East,7.0,0.25,West glazing,25.17,26.08
612.5,0.82,147.0,318.5,South,7.0,0.25,West glazing,24.6,29.31
612.5,0.82,147.0,318.5,West,7.0,0.25,West glazing,25.49,28.14
637.0,0.79,147.0,343.0,North,7.0,0.25,West glazing,39.89,37.54
637.0,0.79,147.0,343.0,East,7.0,0.25,West glazing,39.83,36.66
637.0,0.79,147.0,343.0,South,7.0,0.25,West glazing,,
637.0,0.79,147.0,343.0,West,7.0,0.25,West glazing,,
661.5,0.76,122.5,416.5,North,7.0,0.25,West glazing,35.69,36.93
661.5,0.76,122.5,416.5,East,7.0,0.25,West glazing,36.64,37.01
661.5,0.76,122.5,416.5,south,7.0,0.25,West glazing,36.06,35.73
661.5,0.76,122.5,416.5,West,7.0,0.25,West glazing,36.7,36.15
686.0,0.74,220.5,245.0,North,3.5,0.25,West glazing,12.12,14.48
686.0,0.74,220.5,245.0,East,3.5,0.25,West glazing,11.67,14.58
686.0,0.74,220.5,245.0,South,3.5,0.25,West glazing,11.64,14.81
686.0,0.74,220.5,245.0,West,3.5,0.25,West glazing,12.02,14.03
710.5,0.71,220.5,269.5,North,3.5,0.25,West glazing,12.27,15.27
710.5,0.71,220.5,269.5,East,3.5,0.25,West glazing,12.19,14.71
710.5,0.71,220.5,269.5,South,3.5,0.25,West glazing,12.25,15.23
710.5,0.71,220.5,269.5,West,3.5,0.25,West glazing,12.27,14.97
735.0,0.69,220.5,294.0,North,3.5,0.25,West glazing,12.47,15.14
735.0,0.69,220.5,294.0,East,3.5,0.25,West glazing,12.12,14.97
735.0,0.69,220.5,294.0,South,3.5,0.25,West glazing,12.18,15.22
735.0,0.69,220.5,294.0,West,3.5,0.25,West glazing,12.47,14.6
759.5,0.66,220.5,318.5,North,3.5,0.25,West glazing,12.93,15.83
759.5,0.66,220.5,318.5,East,3.5,0.25,West glazing,12.82,16.03
759.5,0.66,220.5,318.5,South,3.5,0.25,West glazing,,
759.5,0.66,220.5,318.5,West,3.5,0.25,West glazing,13.02,16.06
784.0,0.64,220.5,343.0,North,3.5,0.25,West glazing,16.73,20.13
784.0,0.64,220.5,343.0,East,3.5,0.25,West glazing,16.86,20.01
784.0,0.64,220.5,343.0,South,3.5,0.25,West glazing,,
784.0,0.64,220.5,343.0,West,3.5,0.25,West glazing,16.92,20.29
808.5,0.62,220.5,367.5,North,3.5,0.25,West glazing,13.68,15.19
808.5,0.62,220.5,367.5,East,3.5,0.25,West glazing,13.99,14.61
808.5,0.62,220.5,367.5,South,3.5,0.25,West glazing,14.16,14.61
808.5,0.62,220.5,367.5,West,3.5,0.25,West glazing,13.86,14.75
514.5,0.98,110.25,294.0,North,7.0,0.4,Uniform,32.26,33.37
514.5,0.98,110.25,294.0, East,7.0,0.4,Uniform,32.26,33.34
514.5,0.98,110.25,294.0,South,7.0,0.4,Uniform,32.49,32.83
514.5,0.98,110.25,294.0,West,7.0,0.4,Uniform,,
563.5,0.9,122.5,318.5,North,7.0,0.4,Uniform,,
563.5,0.9,122.5,318.5,East,7.0,0.4,Uniform,37.24,36.38
563.5,0.9,122.5,318.5,South,7.0,0.4,Uniform,36.66,35.92
563.5,0.9,122.5,318.5,West,7.0,0.4,Uniform,35.96,40.99
588.0,0.86,147.0,294.0,North,7.0,0.4,Uniform,31.89,35.99
588.0,0.86,147.0,294.0,East,7.0,0.4,Uniform,32.39,30.66
588.0,0.86,147.0,294.0,South,7.0,0.4,Uniform,32.09,31.7
588.0,0.86,147.0,294.0,West,7.0,0.4,Uniform,31.29,36.73
612.5,0.82,147.0,318.5, North,7.0,0.4,Uniform,,
612.5,0.82,147.0,318.5,East,7.0,0.4,Uniform,29.91,29.13
612.5,0.82,147.0,318.5,South,7.0,0.4,Uniform,29.53,28.99
612.5,0.82,147.0,318.5,West,7.0,0.4,Uniform,28.65,33.54
637.0,0.79,147.0,343.0,North,7.0,0.4,Uniform,41.4,45.29
637.0,0.79,147.0,343.0,East,7.0,0.4,Uniform,42.62,39.07
637.0,0.79,147.0,343.0,South,7.0,0.4,Uniform,42.5,38.35
637.0,0.79,147.0,343.0,West,7.0,0.4,Uniform,41.67,46.94
661.5,0.76,122.5,416.5,North,7.0,0.4,Uniform,40.78,39.55
661.5,0.76,122.5,416.5,East,7.0,0.4,Uniform,39.97,40.85
661.5,0.76,122.5,416.5,South,7.0,0.4,Uniform,40.71,40.63
661.5,0.76,122.5,416.5,West,7.0,0.4,Uniform,40.43,39.48
686.0,0.74,220.5,245.0,North,3.5,0.4,Uniform,14.52,16.94
686.0,0.74,220.5,245.0,East,3.5,0.4,Uniform,14.61,17.25
686.0,0.74,220.5,245.0,south,3.5,0.4,Uniform,14.5,17.03
686.0,0.74,220.5,245.0,West,3.5,0.4,Uniform,14.55,17.25
710.5,0.71,220.5,269.5,North,3.5,0.4,Uniform,14.51,17.1
710.5,0.71,220.5,269.5,East,3.5,0.4,Uniform,14.6,17.51
710.5,0.71,220.5,269.5,South,3.5,0.4,Uniform,14.5,17.12
710.5,0.71,220.5,269.5,West,3.5,0.4,Uniform,14.58,17.47
735.0,0.69,220.5,294.0,North,3.5,0.4,Uniform,14.51,16.5
735.0,0.69,220.5,294.0,East,3.5,0.4,Uniform,14.7,17.0
735.0,0.69,220.5,294.0,South,3.5,0.4,Uniform,14.42,16.87
735.0,0.69,220.5,294.0,West,3.5,0.4,Uniform,14.42,17.2
759.5,0.66,220.5,318.5,North,3.5,0.4,Uniform,15.23,18.14
759.5,0.66,220.5,318.5,East,3.5,0.4,Uniform,15.23,18.03
759.5,0.66,220.5,318.5,South,3.5,0.4,Uniform,15.23,18.14
759.5,0.66,220.5,318.5,West,3.5,0.4,Uniform,15.23,17.95
784.0,0.64,220.5,343.0,North,3.5,0.4,Uniform,19.52,22.72
784.0,0.64,220.5,343.0,East,3.5,0.4,Uniform,19.36,22.73
784.0,0.64,220.5,343.0,South,3.5,0.4,Uniform,19.48,22.72
784.0,0.64,220.5,343.0,West,3.5,0.4,Uniform,19.42,22.53
808.5,0.62,220.5,367.5,North,3.5,0.4,Uniform,15.09,17.2
808.5,0.62,220.5,367.5,East,3.5,0.4,Uniform,17.17,17.21
808.5,0.62,220.5,367.5,South,3.5,0.4,Uniform,17.14,17.15
808.5,0.62,220.5,367.5,West,3.5,0.4,Uniform,17.14,17.2
514.5,0.98,110.25,294.0,North,7.0,0.4,North glazing,32.82,32.96
514.5,0.98,110.25,294.0,East,7.0,0.4,North glazing,32.71,33.13
514.5,0.98,110.25,294.0,South,7.0,0.4,North glazing,32.24,33.94
514.5,0.98,110.25,294.0,West,7.0,0.4,North glazing,32.72,33.78
563.5,0.9,122.5,318.5,North,7.0,0.4,North glazing,35.84,38.35
563.5,0.9,122.5,318.5,East,7.0,0.4,North glazing,,
563.5,0.9,122.5,318.5,South,7.0,0.4,North glazing,36.06,34.94
563.5,0.9,122.5,318.5,west,7.0,0.4,North glazing,35.69,40.66
588.0,0.86,147.0,294.0,North,7.0,0.4,North glazing,32.48,35.48
588.0,0.86,147.0,294.0,East,7.0,0.4,North glazing,32.74,30.53
588.0,0.86,147.0,294.0,South,7.0,0.4,North glazing,32.13,32.28
588.0,0.86,147.0,294.0,West,7.0,0.4,North glazing,31.64,36.86
612.5,0.82,147.0,318.5,North,7.0,0.4,North glazing,28.95,30.34
612.5,0.82,147.0,318.5,East,7.0,0.4,North glazing,29.49,27.93
612.5,0.82,147.0,318.5,South,7.0,0.4,North glazing,28.64,28.95
612.5,0.82,147.0,318.5,West,7.0,0.4,North glazing,28.01,32.92
637.0,0.79,147.0,343.0,North,7.0,0.4,North glazing,41.64,45.59
637.0,0.79,147.0,343.0,East,7.0,0.4,North glazing,43.1,39.41
637.0,0.79,147.0,343.0,South,7.0,0.4,North glazing,42.74,38.84
637.0,0.79,147.0,343.0,West,7.0,0.4,North glazing,41.92,48.03
661.5,0.76,122.5,416.5,North,7.0,0.4,North glazing,40.78,39.48
661.5,0.76,122.5,416.5,East,7.0,0.4,North glazing,40.15,40.4
661.5,0.76,122.5,416.5,South,7.0,0.4,North glazing,40.57,40.47
661.5,0.76,122.5,416.5,West,7.0,0.4,North glazing,40.42,39.7
686.0,0.74,220.5,245.0,North,3.5,0.4,North glazing,14.54,16.43
686.0,0.74,220.5,245.0,East,3.5,0.4,North glazing,14.45,16.93
686.0,0.74,220.5,245.0,South,3.5,0.4,North glazing,14.18,16.99
686.0,0.74,220.5,245.0,West,3.5,0.4,North glazing,14.5,17.03
710.5,0.71,220.5,269.5,North,3.5,0.4,North glazing,14.7,16.77
710.5,0.71,220.5,269.5,East,3.5,0.4,North glazing,14.66,17.37
710.5,0.71,220.5,269.5,South,3.5,0.4,North glazing,14.4,17.27
710.5,0.71,220.5,269.5,West,3.5,0.4,North glazing,14.71,17.51
735.0,0.69,220.5,294.0,North,3.5,0.4,North glazing,14.75,16.44
735.0,0.69,220.5,294.0, East,3.5,0.4,North glazing,14.71,17.01
735.0,0.69,220.5,294.0,South,3.5,0.4,North glazing,14.33,17.23
735.0,0.69,220.5,294.0,West,3.5,0.4,North glazing,14.62,17.22
759.5,0.66,220.5,318.5,North,3.5,0.4,North glazing,15.34,17.85
759.5,0.66,220.5,318.5,East,3.5,0.4,North glazing,15.29,17.89
759.5,0.66,220.5,318.5,South,3.5,0.4,North glazing,15.09,18.36
759.5,0.66,220.5,318.5,West,3.5,0.4,North glazing,15.3,18.15
784.0,0.64,220.5,343.0,North,3.5,0.4,North glazing,19.2,21.72
784.0,0.64,220.5,343.0,East,3.5,0.4,North glazing,18.88,22.07
784.0,0.64,220.5,343.0,South,3.5,0.4,North glazing,18.9,22.09
784.0,0.64,220.5,343.0,West,3.5,0.4,North glazing,19.12,21.93
808.5,0.62,220.5,367.5,North,3.5,0.4,North glazing,16.76,17.36
808.5,0.62,220.5,367.5,East,3.5,0.4,North glazing,17.23,17.38
808.5,0.62,220.5,367.5,South,3.5,0.4,North glazing,17.26,16.86
808.5,0.62,220.5,367.5,West,3.5,0.4,North glazing,17.15,16.99
514.5,0.98,110.25,294.0,North,7.0,0.4,East glazing,32.82,32.78
514.5,0.98,110.25,294.0,East,7.0,0.4,East glazing,32.69,33.24
514.5,0.98,110.25,294.0,South,7.0,0.4,East glazing,32.23,33.86
514.5,0.98,110.25,294.0,West,7.0,0.4,East glazing,32.75,34.0
563.5,0.9,122.5,318.5,North,7.0,0.4,East glazing,34.24,37.26
563.5,0.9,122.5,318.5,East,7.0,0.4,East glazing,34.95,35.04
563.5,0.9,122.5,318.5,South,7.0,0.4,East glazing,35.05,33.82
563.5,0.9,122.5,318.5,West,7.0,0.4,East glazing,34.29,33.31
588.0,0.86,147.0,294.0,North,7.0,0.4,East glazing,31.28,35.22
588.0,0.86,147.0,294.0,East,7.0,0.4,East glazing,32.12,34.7
588.0,0.86,147.0,294.0,South,7.0,0.4,East glazing,32.05,30.11
588.0,0.86,147.0,294.0,West,7.0,0.4,East glazing,31.84,31.6
612.5,0.82,147.0,318.5,North,7.0,0.4,East glazing,28.67,32.43
612.5,0.82,147.0,318.5,East,7.0,0.4,East glazing,29.67,30.65
612.5,0.82,147.0,318.5,South,7.0,0.4,East glazing,29.47,29.77
612.5,0.82,147.0,318.5,West,7.0,0.4,East glazing,28.91,29.64
637.0,0.79,147.0,343.0,North,7.0,0.4,East glazing,41.26,46.44
637.0,0.79,147.0,343.0,East,7.0,0.4,East glazing,41.3,44.18
637.0,0.79,147.0,343.0,South,7.0,0.4,East glazing,42.49,38.81
637.0,0.79,147.0,343.0,West,7.0,0.4,East glazing,42.08,38.23
661.5,0.76,122.5,416.5,North,7.0,0.4,East glazing,39.32,38.17
661.5,0.76,122.5,416.5,East,7.0,0.4,East glazing,39.84,38.48
661.5,0.76,122.5,416.5,South,7.0,0.4,East glazing,38.89,39.66
661.5,0.76,122.5,416.5,West,7.0,0.4,East glazing,39.68,40.1
686.0,0.74,220.5,245.0,North,3.5,0.4,East glazing,13.97,16.08
686.0,0.74,220.5,245.0,East,3.5,0.4,East glazing,14.22,15.39
686.0,0.74,220.5,245.0,South,3.5,0.4,East glazing,14.1,16.57
686.0,0.74,220.5,245.0,West,3.5,0.4,East glazing,13.78,16.6
710.5,0.71,220.5,269.5,North,3.5,0.4,East glazing,14.07,16.11
710.5,0.71,220.5,269.5,East,3.5,0.4,East glazing,14.03,15.47
710.5,0.71,220.5,269.5,South,3.5,0.4,East glazing,13.94,16.7
710.5,0.71,220.5,269.5,West,3.5,0.4,East glazing,13.86,16.1
735.0,0.69,220.5,294.0,North,3.5,0.4,East glazing,14.32,16.35
735.0,0.69,220.5,294.0,East,3.5,0.4,East glazing,14.56,15.84
735.0,0.69,220.5,294.0,South,3.5,0.4,East glazing,14.33,16.99
735.0,0.69,220.5,294.0,West,3.5,0.4,East glazing,14.08,17.02
759.5,0.66,220.5,318.5,North,3.5,0.4,East glazing,15.16,17.04
759.5,0.66,220.5,318.5,East,3.5,0.4,East glazing,,
759.5,0.66,220.5,318.5,South,3.5,0.4,East glazing,14.72,18.1
759.5,0.66,220.5,318.5,West,3.5,0.4,East glazing,14.9,18.22
784.0,0.64,220.5,343.0,North,3.5,0.4,East glazing,18.48,20.78
784.0,0.64,220.5,343.0,East,3.5,0.4,East glazing,18.71,20.72
784.0,0.64,220.5,343.0,South,3.5,0.4,East glazing,18.48,21.54
784.0,0.64,220.5,343.0,West,3.5,0.4,East glazing,18.46,21.53
808.5,0.62,220.5,367.5,North,3.5,0.4,East glazing,16.47,16.9
808.5,0.62,220.5,367.5,East,3.5,0.4,East glazing,16.35,17.14
808.5,0.62,220.5,367.5,South,3.5,0.4,East glazing,16.55,16.56
808.5,0.62,220.5,367.5,West,3.5,0.4,East glazing,16.74,16.0
514.5,0.98,110.25,294.0,North,7.0,0.4,South glazing,32.85,32.95
514.5,0.98,110.25,294.0,East,7.0,0.4,South glazing,32.67,33.06
514.5,0.98,110.25,294.0,South,7.0,0.4,South glazing,32.21,33.95
514.5,0.98,110.25,294.0,West,7.0,0.4,South glazing,,
563.5,0.9,122.5,318.5,North,7.0,0.4,South glazing,36.45,33.98
563.5,0.9,122.5,318.5,East,7.0,0.4,South glazing,35.73,39.92
563.5,0.9,122.5,318.5,South,7.0,0.4,South glazing,,
563.5,0.9,122.5,318.5,West,7.0,0.4,South glazing,36.57,36.1
588.0,0.86,147.0,294.0,North,7.0,0.4,South glazing,32.38,31.53
588.0,0.86,147.0,294.0,East,7.0,0.4,South glazing,31.66,36.2
588.0,0.86,147.0,294.0,South,7.0,0.4,South glazing,32.15,36.21
588.0,0.86,147.0,294.0,West,7.0,0.4,South glazing,32.75,31.0
612.5,0.82,147.0,318.5,North,7.0,0.4,South glazing,28.93,28.2
612.5,0.82,147.0,318.5,East,7.0,0.4,South glazing,28.05,32.35
612.5,0.82,147.0,318.5,South,7.0,0.4,South glazing,28.64,31.14
612.5,0.82,147.0,318.5,West,7.0,0.4,South glazing,29.52,28.43
637.0,0.79,147.0,343.0, North,7.0,0.4,South glazing,42.77,38.33
637.0,0.79,147.0,343.0,East,7.0,0.4,South glazing,41.73,47.59
637.0,0.79,147.0,343.0,South,7.0,0.4,South glazing,41.32,46.23
637.0,0.79,147.0,343.0,west,7.0,0.4,South glazing,42.96,39.56
661.5,0.76,122.5,416.5,North,7.0,0.4,South glazing,40.68,40.36
661.5,0.76,122.5,416.5,East,7.0,0.4,South glazing,40.4,39.67
661.5,0.76,122.5,416.5,south,7.0,0.4,South glazing,40.6,39.85
661.5,0.76,122.5,416.5,West,7.0,0.4,South glazing,40.11,40.77
686.0,0.74,220.5,245.0,North,3.5,0.4,South glazing,14.37,16.61
686.0,0.74,220.5,245.0,East,3.5,0.4,South glazing,14.48,16.74
686.0,0.74,220.5,245.0,South,3.5,0.4,South glazing,14.32,16.9
686.0,0.74,220.5,245.0,West,3.5,0.4,South glazing,14.44,17.32
710.5,0.71,220.5,269.5,North,3.5,0.4,South glazing,14.6,16.85
710.5,0.71,220.5,269.5,East,3.5,0.4,South glazing,14.7,17.2
710.5,0.71,220.5,269.5,South,3.5,0.4,South glazing,14.47,17.23
710.5,0.71,220.5,269.5,West,3.5,0.4,South glazing,14.66,17.74
735.0,0.69,220.5,294.0,North,3.5,0.4,South glazing,14.54,16.81
735.0,0.69,220.5,294.0,East,3.5,0.4,South glazing,,
735.0,0.69,220.5,294.0,South,3.5,0.4,South glazing,14.53,16.9
735.0,0.69,220.5,294.0,West,3.5,0.4,South glazing,14.71,17.39
759.5,0.66,220.5,318.5,North,3.5,0.4,South glazing,15.34,17.86
759.5,0.66,220.5,318.5,East,3.5,0.4,South glazing,15.29,17.82
759.5,0.66,220.5,318.5,South,3.5,0.4,South glazing,15.09,18.36
759.5,0.66,220.5,318.5,West,3.5,0.4,South glazing,15.3,18.24
784.0,0.64,220.5,343.0,North,3.5,0.4,South glazing,19.06,21.68
784.0,0.64,220.5,343.0,East,3.5,0.4,South glazing,19.13,21.54
784.0,0.64,220.5,343.0,South,3.5,0.4,South glazing,19.0,22.25
784.0,0.64,220.5,343.0,West,3.5,0.4,South glazing,18.84,22.49
808.5,0.62,220.5,367.5,North,3.5,0.4,South glazing,16.44,17.1
808.5,0.62,220.5,367.5,East,3.5,0.4,South glazing,,
808.5,0.62,220.5,367.5,South,3.5,0.4,South glazing,16.94,16.58
808.5,0.62,220.5,367.5,West,3.5,0.4,South glazing,16.77,16.79
514.5,0.98,110.25,294.0,North,7.0,0.4,West glazing,32.84,32.88
514.5,0.98,110.25,294.0,East,7.0,0.4,West glazing,32.72,33.23
514.5,0.98,110.25,294.0,South,7.0,0.4,West glazing,32.21,33.76
514.5,0.98,110.25,294.0,West,7.0,0.4,West glazing,32.73,34.01
563.5,0.9,122.5,318.5,North,7.0,0.4,West glazing,35.67,33.94
563.5,0.9,122.5,318.5,East,7.0,0.4,West glazing,35.01,33.14
563.5,0.9,122.5,318.5,South,7.0,0.4,West glazing,34.72,38.79
563.5,0.9,122.5,318.5,West,7.0,0.4,West glazing,35.24,37.27
588.0,0.86,147.0,294.0,North,7.0,0.4,West glazing,32.31,29.69
588.0,0.86,147.0,294.0,East,7.0,0.4,West glazing,31.81,31.2
588.0,0.86,147.0,294.0,South,7.0,0.4,West glazing,31.12,36.26
588.0,0.86,147.0,294.0,West,7.0,0.4,West glazing,32.06,35.71
612.5,0.82,147.0,318.5,North,7.0,0.4,West glazing,30.0,29.93
612.5,0.82,147.0,318.5,East,7.0,0.4,West glazing,29.5,29.56
612.5,0.82,147.0,318.5,South,7.0,0.4,West glazing,29.06,33.84
612.5,0.82,147.0,318.5,West,7.0,0.4,West glazing,29.92,32.54
637.0,0.79,147.0,343.0,North,7.0,0.4,West glazing,42.11,38.56
637.0,0.79,147.0,343.0,East,7.0,0.4,West glazing,41.96,37.7
637.0,0.79,147.0,343.0,South,7.0,0.4,West glazing,41.09,47.01
637.0,0.79,147.0,343.0,West,7.0,0.4,West glazing,40.79,44.87
661.5,0.76,122.5,416.5,North,7.0,0.4,West glazing,38.82,39.37
661.5,0.76,122.5,416.5,East,7.0,0.4,West glazing,39.72,39.8
661.5,0.76,122.5,416.5,South,7.0,0.4,West glazing,39.31,37.79
661.5,0.76,122.5,416.5,West,7.0,0.4,West glazing,39.86,38.18
686.0,0.74,220.5,245.0,North,3.5,0.4,West glazing,14.41,16.69
686.0,0.74,220.5,245.0,East,3.5,0.4,West glazing,14.19,16.62
686.0,0.74,220.5,245.0,South,3.5,0.4,West glazing,14.17,16.94
686.0,0.74,220.5,245.0,West,3.5,0.4,West glazing,14.39,16.7
710.5,0.71,220.5,269.5,North,3.5,0.4,West glazing,12.43,15.59
710.5,0.71,220.5,269.5,East,3.5,0.4,West glazing,12.63,14.58
710.5,0.71,220.5,269.5,South,3.5,0.4,West glazing,12.76,15.33
710.5,0.71,220.5,269.5,West,3.5,0.4,West glazing,12.42,15.31
735.0,0.69,220.5,294.0,North,3.5,0.4,West glazing,14.12,16.63
735.0,0.69,220.5,294.0,East,3.5,0.4,West glazing,14.28,15.87
735.0,0.69,220.5,294.0,South,3.5,0.4,West glazing,14.37,16.54
735.0,0.69,220.5,294.0,West,3.5,0.4,West glazing,14.21,16.74
759.5,0.66,220.5,318.5,North,3.5,0.4,West glazing,14.96,17.64
759.5,0.66,220.5,318.5,East,3.5,0.4,West glazing,14.92,17.79
759.5,0.66,220.5,318.5,South,3.5,0.4,West glazing,14.92,17.55
759.5,0.66,220.5,318.5,West,3.5,0.4,West glazing,15.16,18.06
784.0,0.64,220.5,343.0,North,3.5,0.4,West glazing,17.69,20.82
784.0,0.64,220.5,343.0,East,3.5,0.4,West glazing,18.19,20.21
784.0,0.64,220.5,343.0,South,3.5,0.4,West glazing,18.16,20.71
784.0,0.64,220.5,343.0,West,3.5,0.4,West glazing,17.88,21.4
808.5,0.62,220.5,367.5,North,3.5,0.4,West glazing,16.54,16.88
808.5,0.62,220.5,367.5,East,3.5,0.4,West glazing,16.44,17.11
808.5,0.62,220.5,367.5,South,3.5,0.4,West glazing,16.48,16.61
808.5,0.62,220.5,367.5,West,3.5,0.4,West glazing,16.64,16.03
759.5,0.66,220.5,318.5,South,3.5,0.1,Uniform,11.7,13.88
784.0,0.64,220.5,343.0,West,3.5,0.25,West glazing,16.92,20.29
588.0,0.86,147.0,294.0,North,7.0,0.4,Uniform,31.89,35.99
612.5,0.82,147.0,318.5,North,7.0,0.25,Uniform,26.84,30.17
514.5,0.98,110.25,294.0,South,7.0,0.1,West glazing,24.03,25.88
686.0,0.74,220.5,245.0,East,3.5,0.1,North glazing,10.46,13.72
514.5,0.98,110.25,294.0,South,7.0,0.1,East glazing,24.11,25.84
759.5,0.66,220.5,318.5,South,3.5,0.4,Uniform,15.23,18.14
710.5,0.71,220.5,269.5,East,3.5,0.4,West glazing,12.63,14.58
637.0,0.79,147.0,343.0,West,7.0,0.25,North glazing,38.98,45.97
612.5,0.82,147.0,318.5,North,7.0,0.4,South glazing,28.93,28.2
612.5,0.82,147.0,318.5,North,7.0,0.4,West glazing,30.0,29.93
563.5,0.9,122.5,318.5,South,7.0,0.4,East glazing,35.05,33.82
661.5,0.76,122.5,416.5,North,7.0,0.25,Uniform,36.96,36.85
661.5,0.76,122.5,416.5,south,7.0,0.4,South glazing,40.6,39.85
808.5,0.62,220.5,367.5,west,3.5,0.1,West glazing,12.62,14.15
637.0,0.79,147.0,343.0,South,7.0,0.25,Uniform,39.86,36.85
637.0,0.79,147.0,343.0,East,7.0,0.4,North glazing,43.1,39.41
514.5,0.98,110.25,294.0,South,7.0,0.4,West glazing,32.21,33.76
759.5,0.66,220.5,318.5,East,3.5,0.4,East glazing,,
661.5,0.76,122.5,416.5,North,7.0,0.4,Uniform,40.78,39.55
612.5,0.82,147.0,318.5,west,7.0,0.25,North glazing,24.94,29.88
661.5,0.76,122.5,416.5,West,7.0,0.25,Uniform,36.43,36.62
588.0,0.86,147.0,294.0,South,7.0,0.1,Uniform,26.37,27.03
637.0,0.79,147.0,343.0,South,7.0,0.4,East glazing,42.49,38.81
784.0,0.64,220.5,343.0,East,3.5,0.4,South glazing,19.13,21.54
735.0,0.69,220.5,294.0,South,3.5,0.4,West glazing,14.37,16.54
735.0,0.69,220.5,294.0,South,3.5,0.0,No glazing,,
612.5,0.82,147.0,318.5,North,7.0,0.25,South glazing,25.66,26.3
808.5,0.62,220.5,367.5,North,3.5,0.1,Uniform,12.96,14.34
